WikiData QID	parent	ML_ID	label	description	wiktionary
Q339718		ML_RHETORIC_ACCUMULATIO	accumulatio	The emphasis or summary of previously made points or inferences by excessive praise or accusation.	https://en.wiktionary.org/wiki/accumulatio
Q19893772		ML_RHETORIC_ACUTEZZA	acutezza	Wit or wordplay used in rhetoric.	https://en.wiktionary.org/wiki/acutezza
Q189183		ML_RHETORIC_AD-HOMINEM	ad hominem		
		ML_RHETORIC_ADJUNCTION	adjunction	When a verb is placed at the beginning or the end of a sentence instead of in the middle. For example (from [_Rhetorica ad Herennium_](https://en.wikipedia.org/wiki/Rhetorica_ad_Herennium)), "At the beginning, as follows: 'Fades physical beauty with disease or age.' At the end, as follows: 'Either with disease or age physical beauty fades.'"	https://en.wiktionary.org/wiki/adjunction
Q35986		ML_RHETORIC_AESTHETICS	aesthetics	The examination of symbolic expression to determine its rhetorical possibilities.	https://en.wiktionary.org/wiki/aesthetics
		ML_RHETORIC_AETIOLOGIA	aetiologia	Giving a cause or a reason.	https://en.wiktionary.org/wiki/aetiologia
		ML_RHETORIC_AFFECTUS	affectus	A term used by the Italian Humanists of the Renaissance to describe the source of emotions or passions in the human mind.	https://en.wiktionary.org/wiki/affectus
Q3745428		ML_RHETORIC_AFFIRMATION-AND-NEGATION	affirmation and negation		
		ML_RHETORIC_ALLOIOSIS	alloiosis, alloisis		
Q50757077		ML_RHETORIC_AMBIGUA	ambigua	An ambiguous statement used in making puns.	https://en.wiktionary.org/wiki/ambigua
Q738162		ML_RHETORIC_ANACOENOSIS	anacoenosis	A speaker asks their audience or opponents for their opinion or answer to the point in question.	https://en.wiktionary.org/wiki/anacoenosis
Q484456		ML_RHETORIC_ANACOLUTHON	anacoluthon	An abrupt change of syntax within a sentence. (What I want is — like anybody cares.)	https://en.wiktionary.org/wiki/anacoluthon
Q14544854		ML_RHETORIC_ANADIPLOSIS	anadiplosis	Repeating the last word of one clause or phrase to begin the next.	https://en.wiktionary.org/wiki/anadiplosis
Q185816		ML_RHETORIC_ANALOGY	analogy		
Q486050		ML_RHETORIC_ANAPHORA	anaphora	From [Ancient Greek](https://en.wikipedia.org/wiki/Ancient_Greek) [_ᾰ̓νᾰφορᾱ́_](https://en.wiktionary.org/wiki/%E1%BC%80%CE%BD%CE%B1%CF%86%CE%BF%CF%81%CE%AC#Ancient_Greek) (ănăphorā́). A succession of sentences beginning with the same word or group of words.	https://en.wiktionary.org/wiki/anaphora
Q4751584		ML_RHETORIC_ANAPODOTON	anapodoton	Implying an omitted main clause by a subordinate clause. (If you only knew **...**)	https://en.wiktionary.org/wiki/anapodoton
Q193206		ML_RHETORIC_ANECDOTE	anecdote	A brief narrative describing an interesting or amusing event.	https://en.wiktionary.org/wiki/anecdote
		ML_RHETORIC_ANIMORUM-MOTUS	animorum motus	The emotions.	https://en.wiktionary.org/wiki/animorum_motus
Q2463842		ML_RHETORIC_ANTANACLASIS	antanaclasis	From [Ancient Greek](https://en.wikipedia.org/wiki/Ancient_Greek) [_ἀντανάκλασις_](https://en.wiktionary.org/wiki/%E1%BC%80%CE%BD%CF%84%CE%B1%CE%BD%CE%AC%CE%BA%CE%BB%CE%B1%CF%83%CE%B9%CF%82#Ancient_Greek) (antanáklasis). A figure of speech involving a pun, consisting of the repeated use of the same word, each time with different meanings.	https://en.wiktionary.org/wiki/antanaclasis
Q17049634		ML_RHETORIC_ANTIPTOSIS	antiptosis	The substitution of one case for another.	https://en.wiktionary.org/wiki/antiptosis
Q5112363		ML_RHETORIC_ANTISTROPHE	antistrophe	In rhetoric, repeating the last word in successive phrases. For example (from [_Rhetorica ad Herennium_](https://en.wikipedia.org/wiki/Rhetorica_ad_Herennium)), "'Since the time when from our state concord disappeared, liberty disappeared, good faith disappeared, friendship disappeared, the common weal disappeared.'" See also [epiphora](https://en.wiktionary.org/wiki/epiphora).	https://en.wiktionary.org/wiki/antistrophe
Q122313503		ML_RHETORIC_ANTITHESIS	antithesis	The juxtaposition of contrasting ideas in balanced or parallel words, phrases, or grammatical structures; the second stage of the dialectic process.	https://en.wiktionary.org/wiki/antithesis
Q618563		ML_RHETORIC_APHERESIS	apheresis	The removal or omission of the initial sound or syllable from a word. Examples in English are [_scarp_](https://en.wiktionary.org/wiki/scarp#English) from earlier [_escarp_](https://en.wiktionary.org/wiki/escarp#English), and colloquial [_splain_](https://en.wiktionary.org/wiki/splain#English) from [_explain_](https://en.wiktionary.org/wiki/explain#English).	https://en.wiktionary.org/wiki/apheresis
Q112154		ML_RHETORIC_APOCOPE	apocope	The omission of the last letter or syllable of a word.	https://en.wiktionary.org/wiki/apocope
		ML_RHETORIC_APOPHASIS	apophasis, apophesis		
Q261262		ML_RHETORIC_APORIA	aporia	An attempt to discredit an opposing viewpoint by casting doubt on it.	https://en.wiktionary.org/wiki/aporia
Q619760		ML_RHETORIC_APOSIOPESIS	aposiopesis	An abrupt stop in the middle of a sentence; used by a speaker to convey unwillingness or inability to complete a thought or statement.	https://en.wiktionary.org/wiki/aposiopesis
Q436048		ML_RHETORIC_APOSTROPHE	apostrophe	From [Ancient Greek](https://en.wikipedia.org/wiki/Ancient_Greek) [_ἀποστροφή_](https://en.wiktionary.org/wiki/%E1%BC%80%CF%80%CE%BF%CF%83%CF%84%CF%81%CE%BF%CF%86%CE%AE#Ancient_Greek) (apostrophḗ). A figure of speech consisting of a sudden turn in a text towards an exclamatory address to an imaginary person or a thing.	https://en.wiktionary.org/wiki/apostrophe
Q4959031		ML_RHETORIC_APPELLATE-COURT	appellate court		
Q18595825		ML_RHETORIC_ARETE	Arete	Virtue, excellence of character, qualities that would be inherent in a "natural leader," a component of _ethos_.	https://en.wiktionary.org/wiki/arete
Q186619		ML_RHETORIC_ARGUMENT	argument	Discourse characterized by reasons advanced to support conclusions.	https://en.wiktionary.org/wiki/argument
Q752275		ML_RHETORIC_ARGUMENTUM-AD-BACULUM	argumentum ad baculum	Settling a question by appealing to force.	https://en.wiktionary.org/wiki/argumentum_ad_baculum
Q777939		ML_RHETORIC_ARROGANCE	arrogance		
Q137711384		ML_RHETORIC_ARS-ARENGANDI	ars arengandi	Teaching of forensic speaking during the Medieval rhetorical era.	https://en.wiktionary.org/wiki/ars_arengandi
Q56304068		ML_RHETORIC_ARS-PRAEDICANDI	ars praedicandi	The art of preaching based on rhetorical ideas and introduced during the Medieval rhetorical era during an increasing intersection between rhetoric and religion.	https://en.wiktionary.org/wiki/ars_praedicandi
Q9160460		ML_RHETORIC_ART-OF-POETRY	art of poetry		
Q1406161		ML_RHETORIC_ARTISTIC-THEME	artistic theme		
Q747668		ML_RHETORIC_ASYNDETON	asyndeton	The deliberate omission of [conjunctions](https://en.wiktionary.org/wiki/conjunction) that would normally be used.	https://en.wiktionary.org/wiki/asyndeton
Q211198		ML_RHETORIC_AUDIENCE	audience	Real, imagined, invoked, or ignored, this is a concept that seems to be at the very center of the intersections of composing and rhetoric.	https://en.wiktionary.org/wiki/audience
Q2873202		ML_RHETORIC_AUXESIS	auxesis	To place words or phrases in a certain order to obtain a climactic effect, or to use a word or phrase which disproportionately amplifies something actually of a lesser nature.	https://en.wiktionary.org/wiki/auxesis
Q50808388		ML_RHETORIC_AXIOMS	axioms	The point where scientific reasoning starts. Principles that are not questioned.	https://en.wiktionary.org/wiki/axioms
Q720113		ML_RHETORIC_BARBARISM	barbarism		
Q2886750		ML_RHETORIC_BASES-DE-MANRESA	Bases de Manresa		
Q43247602		ML_RHETORIC_BATHOSELLA	Bathosella		
		ML_RHETORIC_BDELYGMA	bdelygma	Expression of hatred or contempt.	https://en.wiktionary.org/wiki/bdelygma
Q4940904		ML_RHETORIC_BOMPHIOLOGIA	Bomphiologia	Bombastic speech.	https://en.wiktionary.org/wiki/bomphiologia
Q640423		ML_RHETORIC_BRACHYLOGY	brachylogy		
Q1253840		ML_RHETORIC_BREVITAS	brevitas	Concise expression.	https://en.wiktionary.org/wiki/brevitas
Q122382956		ML_RHETORIC_BURDEN-OF-PROOF	burden of proof	Theory of argument giving the obligation of proving a case to the challenging party.	https://en.wiktionary.org/wiki/burden_of_proof
Q63554165		ML_RHETORIC_CANON	canon	A term often used to discuss significant literary works in a specific field, used by [Cicero](https://en.wiktionary.org/wiki/Cicero) to outline five significant parts of the rhetorical composition process.	https://en.wiktionary.org/wiki/canon
		ML_RHETORIC_CAPTATIO-BENEVOLUNTATIAE	captatio benevoluntatiae	From [Latin](https://en.wikipedia.org/wiki/Latin). The part of a letter which secures the goodwill of the recipient.	https://en.wiktionary.org/wiki/captatio_benevoluntatiae
Q582726		ML_RHETORIC_CATACHRESIS	catachresis	The inexact use of a similar word in place of the proper one to create an unlikely metaphor. For example (from _Rhetorica ad Herennium_), "'The power of man is short'" or "'the long wisdom in the man.'"	https://en.wiktionary.org/wiki/catachresis
Q2574811		ML_RHETORIC_CAUSE	cause		
Q5074396		ML_RHETORIC_CHARISMA	charisma	An attribute that allows a speaker's words to become powerful.	https://en.wiktionary.org/wiki/charisma
		ML_RHETORIC_CIRCA-REM	circa rem	From [Latin](https://en.wikipedia.org/wiki/Latin). The circumstances _surrounding the act_ in one Roman topical system.	https://en.wiktionary.org/wiki/circa_rem
Q1095194		ML_RHETORIC_CIRCUMLOCUTION	circumlocution		
Q52000412		ML_RHETORIC_CLIMAX	Climax	Climax occurs when words or sentences are used to increase weight by mounting degrees in parallel construction.	https://en.wiktionary.org/wiki/climax
Q5982337		ML_RHETORIC_COLON	colon	From [Ancient Greek](https://en.wikipedia.org/wiki/Ancient_Greek) [_κῶλον_](https://en.wiktionary.org/wiki/%CE%BA%E1%BF%B6%CE%BB%CE%BF%CE%BD#Ancient_Greek) (kôlon). A rhetorical figure consisting of a clause which is grammatically, but not logically, complete.	https://en.wiktionary.org/wiki/colon
Q721747		ML_RHETORIC_COMMEMORATIVE-PLAQUE	commemorative plaque		
Q332880		ML_RHETORIC_COMMON-SENSE	common sense		
Q53989261		ML_RHETORIC_COMMON-TOPICS-IN-EIGHTEENTH-CENTURY-PREFACES-TO-ENGLISH-SCHOOL-GRAMMARS:-AN-APPLICATION-OF-THE-ECEG-DATABASE	Common topics in eighteenth-century prefaces to English school grammars: an application of the ECEG database		
Q378097		ML_RHETORIC_COMMUNION	communion		
Q2791145		ML_RHETORIC_COMPOSITION-STUDIES	composition studies		
Q327209		ML_RHETORIC_CONCESSION	concession	Acknowlededment of objections to a proposal.	https://en.wiktionary.org/wiki/concession
Q188613		ML_RHETORIC_CONFIRMATION	confirmation		
Q1125478		ML_RHETORIC_CONFUTATIO-AUGUSTANA	Confutatio Augustana		
Q135014683		ML_RHETORIC_CONSTRAINTS	Constraints	Referring to "persons, events, objects, and relations which are parts of the situation because they have the power to constrain decision and action needed to modify the exigence." Originally used by [Lloyd Bitzer](https://en.wikipedia.org/wiki/Lloyd_Bitzer).	https://en.wiktionary.org/wiki/constraints
Q7188981		ML_RHETORIC_CONSUBSTANTIALITY	Consubstantiality	Substance commonality.	https://en.wiktionary.org/wiki/consubstantiality
Q1123462		ML_RHETORIC_CONTEXT	ConTeXt	The circumstances surrounding an issue that should be considered during its discussion.	https://en.wiktionary.org/wiki/context
Q122314017		ML_RHETORIC_CONTINGENCY	CONTINGENCY	In rhetoric, it relates to the contextual circumstances that do not allow an issue to be settled with complete certainty.	https://en.wiktionary.org/wiki/contingency
Q128767372		ML_RHETORIC_CONVERSATION-MODELING-ON-REDDIT-USING-A-GRAPH-STRUCTURED-LSTM	Conversation Modeling on Reddit Using a Graph-Structured LSTM		
Q1051355		ML_RHETORIC_CONVERSION-DISORDER	conversion disorder		
Q38695		ML_RHETORIC_COOKING	cooking		
Q2995866		ML_RHETORIC_COUNTERARGUMENT	counterargument		
Q1530061		ML_RHETORIC_CREDIBILITY	credibility		
Q301751		ML_RHETORIC_CRITICAL-SOCIOLOGY	critical sociology		
Q22983		ML_RHETORIC_DATA	Data	Initial evidence supporting a claim. ([Stephen Toulmin](https://en.wikipedia.org/wiki/Stephen_Toulmin))	https://en.wiktionary.org/wiki/data
Q3704137		ML_RHETORIC_DE-OPTIMO-GENERE-ORATORUM	De Optimo Genere Oratorum		
Q56404555		ML_RHETORIC_DECONSTRUCTION	deconstruction	Analyzing communication artifacts by scrutinizing their meanings and related assumptions, with the goal of determining the social and systemic connotations behind their structure.	https://en.wiktionary.org/wiki/deconstruction
Q18450032		ML_RHETORIC_DELECTARE	Delectare	To delight; viewed by [Cicero](https://en.wikipedia.org/wiki/Cicero) as one of the three goals of rhetoric.	https://en.wiktionary.org/wiki/delectare
Q37008247		ML_RHETORIC_DEMOS	Demos	The population of an ancient Greek state, considered a political entity; population; the common people.	https://en.wiktionary.org/wiki/demos
Q9453		ML_RHETORIC_DIALECTIC	dialectic	A rhetorical term that has been defined differently by Aristotle and Ramus, among others; generally, it means using verbal communication between people to discuss topics in order to come to an agreement about them.	https://en.wiktionary.org/wiki/dialectic
Q11694112		ML_RHETORIC_DIALLAGE	diallage	Establishing a single point with the use of several arguments.	https://en.wiktionary.org/wiki/diallage
Q3322847		ML_RHETORIC_DISPOSITIO	dispositio	In the classical theory of the production of speech ([pronuntiatio](https://en.wiktionary.org/wiki/pronuntiatio)), dispositio refers to the stage of planning the structure and sequence of ideas. Often referred to as arrangement, the second of [Cicero](https://en.wikipedia.org/wiki/Cicero)'s five rhetorical canons.	https://en.wiktionary.org/wiki/dispositio
Q3710346		ML_RHETORIC_DISSOI-LOGOI	Dissoi Logoi	Contradictory arguments.	https://en.wiktionary.org/wiki/dissoi_logoi
Q16829905		ML_RHETORIC_DOCERE	Docere	To teach; viewed by [Cicero](https://en.wikipedia.org/wiki/Cicero) as one of the three goals of rhetoric.	https://en.wiktionary.org/wiki/docere
Q5305774		ML_RHETORIC_DRAMATISTIC-PENTAD	Dramatistic pentad		
Q844782		ML_RHETORIC_DYSPHEMISM	dysphemism	A term with negative associations for something in reality fairly innocuous or inoffensive.	https://en.wiktionary.org/wiki/dysphemism
Q788419		ML_RHETORIC_ECPHONESIS	ecphonesis	A sentence consisting of a single word or short phrase ending with an [exclamation point](https://en.wiktionary.org/wiki/exclamation_point).	https://en.wiktionary.org/wiki/ecphonesis
Q3330405		ML_RHETORIC_ELOCUTIO	elocutio	In the classical theory of the production of a speech ([pronuntiatio](https://en.wiktionary.org/wiki/pronuntiatio)), elocution refers to the stage of elaborating the wording of a text, using correct grammar and diction.	https://en.wiktionary.org/wiki/elocutio
Q12769393		ML_RHETORIC_END	end		
Q422913		ML_RHETORIC_ENTHYMEME	enthymeme	A type of argument that is grounded in assumed commonalities between a rhetor and the audience. For example, "(claim 1) Bob is a person. Therefore, (claim 3) Bob is mortal." The assumption (unstated claim 2) is that "People are mortal." A type of [syllogism](https://en.wiktionary.org/wiki/syllogism). Started by [Aristotle](https://en.wikipedia.org/wiki/Aristotle).	https://en.wiktionary.org/wiki/enthymeme
		ML_RHETORIC_EPANAPHORA	epanaphora	In rhetoric, repeating the same word or phrase at the beginning of successive phrases for emphasis. For example (from [_Rhetorica ad Herennium_](https://en.wikipedia.org/wiki/Rhetorica_ad_Herennium)), "'To you must go the credit for this, to you are thanks due, to you will this act of yours bring glory.'"	https://en.wiktionary.org/wiki/epanaphora
Q1346967		ML_RHETORIC_EPIDEICTIC	epideictic	Ceremonial rhetoric, such as might be found in a funeral or victory speech.	https://en.wiktionary.org/wiki/epideictic
Q591966		ML_RHETORIC_EPIPHORA	epiphora	The repetition of a phrase or word at the end of several sentences or clauses. Also see anaphora.	https://en.wiktionary.org/wiki/epiphora
Q9471		ML_RHETORIC_EPISTEMOLOGY	epistemology	Philosophical study directed at understanding how people gain knowledge.	https://en.wiktionary.org/wiki/epistemology
Q1937845		ML_RHETORIC_EPISTROPHE	epistrophe	A succession of clauses, phrases or sentences that all end with the same word or group of words.	https://en.wiktionary.org/wiki/epistrophe
Q207869		ML_RHETORIC_EPITHET	epithet	A term used as a descriptive and qualifying substitute for the name of a person, place or thing.	https://en.wiktionary.org/wiki/epithet
Q1953281		ML_RHETORIC_EPIZEUXIS	epizeuxis	Emphasizing an idea using one word repetition.	https://en.wiktionary.org/wiki/epizeuxis
Q3591979		ML_RHETORIC_ETHOPOEIA	ethopoeia	The act of putting oneself into the character of another to convey that persons feelings and thoughts more vividly.	https://en.wiktionary.org/wiki/ethopoeia
Q83464		ML_RHETORIC_EUPHEMISM	euphemism	An innocuous, inoffensive or circumlocutory term or phrase for something unpleasant or obscene.	https://en.wiktionary.org/wiki/euphemism
Q176763		ML_RHETORIC_EVIDENCE	evidence	In rhetoric, facts or testimony used to strengthen a claim.	https://en.wiktionary.org/wiki/evidence
Q1993117		ML_RHETORIC_EXEMPLUM	exemplum	The citation of an example, either truthful or fictitious.	https://en.wiktionary.org/wiki/exemplum
Q25221914		ML_RHETORIC_EXIGENCE	exigence	A rhetorical call to action; a situation that compels someone to speak out.	https://en.wiktionary.org/wiki/exigence
Q1384158		ML_RHETORIC_EXORDIUM	exordium	From [Latin](https://en.wikipedia.org/wiki/Latin) [_exordium_](https://en.wiktionary.org/wiki/exordium#Latin) (“[beginning](https://en.wiktionary.org/wiki/beginning)”). The introductory portion of an [oration](https://en.wiktionary.org/wiki/oration).	https://en.wiktionary.org/wiki/exordium
Q4481574		ML_RHETORIC_FACETIAE	facetiae	From [Latin](https://en.wikipedia.org/wiki/Latin). Humor or wit.	https://en.wiktionary.org/wiki/facetiae
Q13226383		ML_RHETORIC_FACILITY	facility		
Q5429092		ML_RHETORIC_FACULTY-PSYCHOLOGY	faculty psychology	The mind contains faculties that include understanding, imagination, passion, and will. (18th century)	https://en.wiktionary.org/wiki/faculty_psychology
Q2581738		ML_RHETORIC_FALSE-CONSCIOUSNESS	False consciousness	A distorted view of reality, people, and the world. ([Jurgen Habermas](https://en.wikipedia.org/wiki/Jurgen_Habermas)).	https://en.wiktionary.org/wiki/false_consciousness
Q55611560		ML_RHETORIC_FEMINIST-RHETORIC	Feminist rhetoric	Rhetorical theory concerned with feminism and its critique of social structures.	https://en.wiktionary.org/wiki/feminist_rhetoric
Q8253		ML_RHETORIC_FICTION	fiction		
Q48311426		ML_RHETORIC_FIELD-DEPENDENT-TRANSVERSE-RELAXATION-RATE-INCREASE-MAY-BE-A-SPECIFIC-MEASURE-OF-TISSUE-IRON-STORES	Field dependent transverse relaxation rate increase may be a specific measure of tissue iron stores		
		ML_RHETORIC_FIELD-INVARIANT	field-invariant	Standards for assessing arguments that are not determined by the particular field. ([Stephen Toulmin](https://en.wikipedia.org/wiki/Stephen_Toulmin))	https://en.wiktionary.org/wiki/field-invariant
Q29527347		ML_RHETORIC_FIGURE	figure	Unusual arrangement of language that tries to achieve unique meaning for ideas.	https://en.wiktionary.org/wiki/figure
Q58606280		ML_RHETORIC_FORENSIC-ORATORY-AND-THE-JURY-TRIAL-IN-NINETEENTH-CENTURY-AMERICA	Forensic oratory and the jury trial in nineteenth-century America		
Q962165		ML_RHETORIC_FORMAL-FALLACY	formal fallacy		
Q83460		ML_RHETORIC_GENERAL	general		
Q37476917		ML_RHETORIC_GENS	Gens	From [Latin](https://en.wikipedia.org/wiki/Latin). An influential group of families.	https://en.wiktionary.org/wiki/gens
Q131476263		ML_RHETORIC_GRAECISMUS	graecismus	The use of Greek idiom.	https://en.wiktionary.org/wiki/graecismus
Q102686		ML_RHETORIC_HERMENEUTICS	hermeneutics	The theoretical underpinnings of interpreting texts, usually religious or literary.	https://en.wiktionary.org/wiki/hermeneutics
Q3068733		ML_RHETORIC_HETEROGLOSSIA	heteroglossia	The many prolific languages of any culture.	https://en.wiktionary.org/wiki/heteroglossia
Q201413		ML_RHETORIC_HEURISTIC	heuristic		
Q932406		ML_RHETORIC_HOMEOTELEUTON	homeoteleuton		
		ML_RHETORIC_HOMIOLOGIA	homiologia	A tedious style or redundancy of style.	https://en.wiktionary.org/wiki/homiologia
Q181036		ML_RHETORIC_HYPERBOLE	hyperbole	A figure of speech where emphasis is achieved through exaggeration, independently or through comparison. For example (from _Rhetorica ad Herennium_), "'His body was as white as snow, his face burned like fire.'"	https://en.wiktionary.org/wiki/hyperbole
Q1641379		ML_RHETORIC_HYPOPHORA	hypophora	When a speaker asks aloud what their adversaries have to say for themselves or against the speaker, and then proceeds to answer the question. For example (from [_Rhetorica ad Herennium_](https://en.wikipedia.org/wiki/Rhetorica_ad_Herennium)), "'When he reminded you of your old friendship, were you moved? No, you killed him nevertheless, and with even greater eagerness. And then when his children grovelled at your feet, were you moved to pity? No, in your extreme cruelty you even prevented their father's burial.'"	https://en.wiktionary.org/wiki/hypophora
Q41719		ML_RHETORIC_HYPOTHESIS	hypothesis	An educated guess.	https://en.wiktionary.org/wiki/hypothesis
Q16938453		ML_RHETORIC_HYPOZEUXIS	hypozeuxis	A sentence in which every clause has its own subject and verb.	https://en.wiktionary.org/wiki/hypozeuxis
Q2250272		ML_RHETORIC_HYPSOSINGA	hypsosinga		
Q132137		ML_RHETORIC_ICON	icon	Using imagery to create resemblance.	https://en.wiktionary.org/wiki/icon
Q2493413		ML_RHETORIC_IDENTIFICATION	identification	Connecting with a larger group through a shared interpretation or understanding of a larger concept; [Kenneth Burke](https://en.wikipedia.org/wiki/Kenneth_Burke) was one of the first people to use the term in this way.	https://en.wiktionary.org/wiki/identification
Q7257		ML_RHETORIC_IDEOLOGY	ideology	A way of understanding one's external surroundings.	https://en.wiktionary.org/wiki/ideology
Q1131737		ML_RHETORIC_IMITATION	imitation		
Q2730592		ML_RHETORIC_INDIGNATION	indignation		
Q29887572		ML_RHETORIC_INDUCTION	Induction	Rhetorical method for coming to general conclusions through specific examples.	https://en.wiktionary.org/wiki/induction
		ML_RHETORIC_INSULTATIO	insultatio	Abusing a person to their face by using irony and derisive language.	https://en.wiktionary.org/wiki/insultatio
		ML_RHETORIC_INTERSUBJECTIVE-AGREEMENTS	intersubjective agreements	agreements on the fair conduct of an argument among individuals participating in dialogue.	https://en.wiktionary.org/wiki/intersubjective_agreements
Q48785158		ML_RHETORIC_INVITATIONAL-RHETORIC	Invitational rhetoric	Rhetoric that is not intended to persuade. ([Sonja K. Foss](https://en.wikipedia.org/wiki/Sonja_K._Foss), Cindy L. Griffin)	https://en.wiktionary.org/wiki/invitational_rhetoric
Q131361		ML_RHETORIC_IRONY	irony	A deliberate contrast between indirect and direct meaning to draw attention to the opposite.	https://en.wiktionary.org/wiki/irony
Q737677		ML_RHETORIC_IRRELEVANT-CONCLUSION	irrelevant conclusion		
Q21446657		ML_RHETORIC_ISOCOLON	isocolon	A string of phrases of corresponding structure and equal length.	https://en.wiktionary.org/wiki/isocolon
		ML_RHETORIC_ISSUES-OF-FACT	issues of fact	Issues related to an act's occurrence.	https://en.wiktionary.org/wiki/issues_of_fact
Q17951		ML_RHETORIC_JARGON	jargon	Highly technical language used by specific group.	https://en.wiktionary.org/wiki/jargon
Q109578617		ML_RHETORIC_JIAN-SHI	Jian Shi	From [Chinese](https://en.wikipedia.org/wiki/Chinese_language) [_諫士_](https://en.wiktionary.org/wiki/諫士)／[_谏士_](https://en.wiktionary.org/wiki/谏士) (_jiànshì_). Traveling political advisors common in ancient China.	https://en.wiktionary.org/wiki/jian_shi
Q19376756		ML_RHETORIC_KAIROS	kairos	From [Ancient Greek](https://en.wikipedia.org/wiki/Ancient_Greek) [_καιρός_](https://en.wiktionary.org/wiki/%CE%BA%CE%B1%CE%B9%CF%81%CF%8C%CF%82#Ancient_Greek) (kairós). Generally means "timing" or "the right circumstances."	https://en.wiktionary.org/wiki/kairos
		ML_RHETORIC_KOINOI-TOPOI	koinoi topoi	From [Ancient Greek](https://en.wikipedia.org/wiki/Ancient_Greek). Common topics; in a rhetoric situation, useful arguments and strategies.	https://en.wiktionary.org/wiki/koinoi_topoi
Q60790563		ML_RHETORIC_KOLAKEIA	kolakeia	From [Ancient Greek](https://en.wikipedia.org/wiki/Ancient_Greek). Flattery; telling people what they want to hear while disregarding their best interests; employed by sophistic rhetoricians.	https://en.wiktionary.org/wiki/kolakeia
Q13624084		ML_RHETORIC_LEXIS	Lexis	Style.	https://en.wiktionary.org/wiki/lexis
Q12139612		ML_RHETORIC_LIST	list		
		ML_RHETORIC_LITERAE-HUMANAE	literae humanae	Academic disciplines that are known as the liberal arts: languages, philosophy, history, literature, music, art and certain abstact sciences.	https://en.wiktionary.org/wiki/literae_humanae
Q1149297		ML_RHETORIC_LOCALISM	localism	A word, phrase, or custom particular to one's location.	https://en.wiktionary.org/wiki/localism
Q1542696		ML_RHETORIC_LOCI-COMMUNES	loci communes	Types of arguments. [Quintilian](https://en.wikipedia.org/wiki/Quintilian) trained orators to learn intellectual habits to access the arguments quickly.	https://en.wiktionary.org/wiki/loci_communes
Q3257782		ML_RHETORIC_LOCUTION	locution	Refers to the utterance of a statement.	https://en.wiktionary.org/wiki/locution
Q193627		ML_RHETORIC_LOGICAL-POSITIVISM	logical positivism	The effort to make scientific standards applicable for resolving all issues.	https://en.wiktionary.org/wiki/logical_positivism
		ML_RHETORIC_LOGICAL-PROOF	logical proof	Arguments used to persuade audience. Reasoned.	https://en.wiktionary.org/wiki/logical_proof
Q17113456		ML_RHETORIC_LOGOLOGY	logology	Kenneth Burke. Study of the specific theological terms used. Not to find the truth or falseness of the statement, but why that particular word was chosen.	https://en.wiktionary.org/wiki/logology
Q180832		ML_RHETORIC_LOGOS	logos	Rhetorical appeals based on logic or reasoning.	https://en.wiktionary.org/wiki/logos
Q1549475		ML_RHETORIC_MAGNANIMITY	magnanimity	Doing good to others, "its opposite is meanness of spirit" (from [Aristotle](https://en.wikipedia.org/wiki/Aristotle)'s [_Rhetoric_](https://en.wikipedia.org/wiki/Rhetoric_(Aristotle))).	https://en.wiktionary.org/wiki/magnanimity
		ML_RHETORIC_MAJOR-PREMISE	major premise	Statement in a syllogism. Generalization.	https://en.wiktionary.org/wiki/major_premise
		ML_RHETORIC_MATERIAL-FALLACY	material fallacy	False notion concerning the subject matter of an argument.	https://en.wiktionary.org/wiki/material_fallacy
Q396447		ML_RHETORIC_MAXIM	maxim	A saying drawn from life, which shows concisely either what happens or ought to happen in life, for example: 'Every beginning is difficult.' (from [_Rhetorica ad Herennium_](https://en.wikipedia.org/wiki/Rhetorica_ad_Herennium))	https://en.wiktionary.org/wiki/maxim
Q3278958		ML_RHETORIC_MEIOSIS	meiosis	A figure of speech in which a word or phrase diminutively substitutes as a reference for something actually of a greater nature.	https://en.wiktionary.org/wiki/meiosis
Q492		ML_RHETORIC_MEMORY	memory	Described by [Cicero](https://en.wikipedia.org/wiki/Cicero) as the "firm mental grasp of matter and words;" the fourth of his five rhetorical canons.	https://en.wiktionary.org/wiki/memory
		ML_RHETORIC_META-NARRATIVES	meta-narratives	Universal theories positing to know all aspects of humanity.	https://en.wiktionary.org/wiki/meta-narratives
Q18534		ML_RHETORIC_METAPHOR	metaphor	A figure of speech where a word that normally applies to one thing is used to designate another for the sake of creating a mental picture. For example (from [_Rhetorica ad Herennium_](https://en.wikipedia.org/wiki/Rhetorica_ad_Herennium)), "'...he lightly breathed a favoring breath'".	https://en.wiktionary.org/wiki/metaphor
Q1760396		ML_RHETORIC_METRON	Metron	From [Ancient Greek](https://en.wikipedia.org/wiki/Ancient_Greek). Measure.	https://en.wiktionary.org/wiki/metron
Q169534		ML_RHETORIC_MILITARY-DIVISION	military division		
Q103610094		ML_RHETORIC_MINOR-PREMISE	Minor Premise	Statement in an argument.	https://en.wiktionary.org/wiki/minor_premise
		ML_RHETORIC_MODUS-INVENIENDI	modus inveniendi	From [Latin](https://en.wikipedia.org/wiki/Latin). Material used to understand the scriptures. ([Augustine of Hippo](https://en.wikipedia.org/wiki/Augustine_of_Hippo))	https://en.wiktionary.org/wiki/modus_inveniendi
		ML_RHETORIC_MODUS-PROFERENDI	modus proferendi	From [Latin](https://en.wikipedia.org/wiki/Latin). expressing ideas found within the scriptures. ([Augustine of Hippo](https://en.wikipedia.org/wiki/Augustine_of_Hippo))	https://en.wiktionary.org/wiki/modus_proferendi
Q6909140		ML_RHETORIC_MORAL-REASONING	moral reasoning	Reasoning employed in rhetoric that determines a conclusion based on evidence. Used in issues of ethics, religion, economics, and politics.	https://en.wiktionary.org/wiki/moral_reasoning
Q3894383		ML_RHETORIC_MOVERE	Movere	To persuade; viewed by [Cicero](https://en.wikipedia.org/wiki/Cicero) as one of the three goals of rhetoric.	https://en.wiktionary.org/wiki/movere
		ML_RHETORIC_NECESSARY-CAUSE	necessary cause	Cause without which effect couldn't/wouldn't have occurred.	https://en.wiktionary.org/wiki/necessary_cause
Q54111		ML_RHETORIC_NEOCLASSICAL-ARCHITECTURE	Neoclassical architecture		
Q162145		ML_RHETORIC_NEOPLATONISM	Neoplatonism	School of thought emanating from the works of [Plato](https://en.wikipedia.org/wiki/Plato) and [Aristotle](https://en.wikipedia.org/wiki/Aristotle) in early B.C.E. Rome.	https://en.wiktionary.org/wiki/neoplatonism
Q26207914		ML_RHETORIC_NOEMA	noema	Speech that is deliberately subtle or obscure.	https://en.wiktionary.org/wiki/noema
Q825737		ML_RHETORIC_NON-SEQUITUR	non sequitur	A statement bearing no relationship to the preceding context.	https://en.wiktionary.org/wiki/non_sequitur
		ML_RHETORIC_OICTOS	oictos	To show pity or compassion.	https://en.wiktionary.org/wiki/oictos
Q104447468		ML_RHETORIC_OMINATION	Omination		
Q170239		ML_RHETORIC_ONOMATOPOEIA	onomatopoeia	Words that imitate the sounds, objects, or actions they refer to. (ex. "buzz", "hullabaloo," "bling")	https://en.wiktionary.org/wiki/onomatopoeia
		ML_RHETORIC_OPTATIO	optatio	A wish exclaimed.	https://en.wiktionary.org/wiki/optatio
Q169429		ML_RHETORIC_OXYMORON	oxymoron	A condensed paradox.	https://en.wiktionary.org/wiki/oxymoron
Q2449062		ML_RHETORIC_PARADEIGMA	paradeigma	From [Ancient Greek](https://en.wikipedia.org/wiki/Ancient_Greek). Argument created by a list of examples that leads to a probable generalized idea.	https://en.wiktionary.org/wiki/paradeigma
Q483372		ML_RHETORIC_PARADOX	paradox	A self-contradictory statement, which can only be true if it is false, and vice versa.	https://en.wiktionary.org/wiki/paradox
Q14511256		ML_RHETORIC_PARALIPSIS	paralipsis	When a rhetor refuses to continue with their current discussion, or passes over the rest of the conversation, or admits that they do not know what else to say. For example, (from [_Rhetorica ad Herennium_](https://en.wikipedia.org/wiki/Rhetorica_ad_Herennium)), "'Your boyhood, indeed, which you dedicated to intemperance of all kinds, I would discuss, if I thought this the right time. But at the present I advisedly leave that aside. This too I pass by, that the tribunes have reported you as irregular in military service.'"	https://en.wiktionary.org/wiki/paralipsis
Q10282159		ML_RHETORIC_PARALLEL-SYNTAX	parallel syntax	repetition of similar sentence structures.	https://en.wiktionary.org/wiki/parallel_syntax
		ML_RHETORIC_PARTICULAR-AUDIENCE	particular audience	The actual audience the orator addresses. ([Chaïm Perelman](https://en.wikipedia.org/wiki/Cha%C3%AFm_Perelman) and [Lucie Olbrechts-Tyteca](https://en.wikipedia.org/wiki/Lucie_Olbrechts-Tyteca))	https://en.wiktionary.org/wiki/particular_audience
Q633885		ML_RHETORIC_PATHOS	pathos	From [Ancient Greek](https://en.wikipedia.org/wiki/Ancient_Greek). The emotional appeal to an audience in an argument. One of [Aristotle](https://en.wikipedia.org/wiki/Aristotle)'s three proofs.	https://en.wiktionary.org/wiki/pathos
Q3412014		ML_RHETORIC_PERORATION	peroration		
Q207174		ML_RHETORIC_PERSONIFICATION	personification	A figure of speech that gives human characteristics or inanimate objects, or represents an absent person as being present. For example (from [_Rhetorica ad Herennium_](https://en.wikipedia.org/wiki/Rhetorica_ad_Herennium)), "'But if this invincible city should now give utterance to her voice, would she not speak as follows?'"	https://en.wiktionary.org/wiki/personification
Q697279		ML_RHETORIC_PETITION	petition		
Q3493035		ML_RHETORIC_PHALLOGOCENTRISM	phallogocentrism	Examines the relationship between logos (reason) and the phallus (representative of male genitalia). Just as the phallus is implicitly and sometime explicitly assumed to be the only significant sexual organ, the masculine is the accepted as the central point of reference of validity and authority for a society.	https://en.wiktionary.org/wiki/phallogocentrism
Q15814210		ML_RHETORIC_PHRONESIS	phronesis	From [Ancient Greek](https://en.wikipedia.org/wiki/Ancient_Greek). practical wisdom; common sense.	https://en.wiktionary.org/wiki/phronesis
Q15761466		ML_RHETORIC_PHYSIS	physis	From [Ancient Greek](https://en.wikipedia.org/wiki/Ancient_Greek). the strong will rule over the weak.	https://en.wiktionary.org/wiki/physis
Q5994		ML_RHETORIC_PIANO	piano		
Q107185154		ML_RHETORIC_PISTIS	pistis	From [Ancient Greek](https://en.wikipedia.org/wiki/Ancient_Greek). belief.	https://en.wiktionary.org/wiki/pistis
Q188741		ML_RHETORIC_PLEONASM	pleonasm	The use of more words than necessary to express an idea.	https://en.wiktionary.org/wiki/pleonasm
		ML_RHETORIC_POETRIAE,-ARS	poetriae, ars		
Q384593		ML_RHETORIC_POLICE-OFFICER	police officer		
Q270141		ML_RHETORIC_POLYMATH	polymath		
Q179465		ML_RHETORIC_POLYPHONY	polyphony		
Q680469		ML_RHETORIC_POLYPTOTON	polyptoton	The repetition of a word or root in different cases or [inflections](https://en.wiktionary.org/wiki/inflection) within the same sentence.	https://en.wiktionary.org/wiki/polyptoton
Q426492		ML_RHETORIC_POLYSYNDETON	polysyndeton	The repeated use of conjunctions within a sentence, particularly where they do not necessarily have to be used.	https://en.wiktionary.org/wiki/polysyndeton
		ML_RHETORIC_PORTRAYL	portrayl	Describing a person clearly enough for recognition. For example (from [_Rhetorica ad Herennium_](https://en.wikipedia.org/wiki/Rhetorica_ad_Herennium)), "'I mean him, men of the jury, the ruddy, short, bent man, with white and rather curly hair, blue-grey eyes, and a huge scar on his chin, if perhaps you can recall him to memory.'"	https://en.wiktionary.org/wiki/portrayl
Q131015		ML_RHETORIC_POSITIVISM	positivism	Term created by [Auguste Comte](https://en.wikipedia.org/wiki/Auguste_Comte) that posits that science, math, or logic can prove any reasonable claim.	https://en.wiktionary.org/wiki/positivism
Q126692		ML_RHETORIC_PRAGMATISM	pragmatism	Field of thought positing that knowledge was fluid and that traditionally "fixed" entities (like time) were largely contextual; believed that a free society with free individuals was a viable standard for living.	https://en.wiktionary.org/wiki/pragmatism
Q3402394		ML_RHETORIC_PRESENCE	presence	Choosing to emphasize certain facts and ideas instead of others, leading the audience along that path. ([Chaïm Perelman](https://en.wikipedia.org/wiki/Cha%C3%AFm_Perelman) and [Lucie Olbrechts-Tyteca](https://en.wikipedia.org/wiki/Lucie_Olbrechts-Tyteca))	https://en.wiktionary.org/wiki/presence
Q200726		ML_RHETORIC_PROBABILITY-DISTRIBUTION	probability distribution		
		ML_RHETORIC_PRONUNTIATO	pronuntiato	From [Latin](https://en.wikipedia.org/wiki/Latin). The deliverary of an oration or an argument in a manner befitting the subject matter and style, while maintaining control of voice and body.	https://en.wiktionary.org/wiki/pronuntiato
Q108163		ML_RHETORIC_PROPOSITION	proposition		
Q2113832		ML_RHETORIC_PROTREPTICUS	protrepticus		
Q3924778		ML_RHETORIC_PRUDENCE	prudence	Judging practically.	https://en.wiktionary.org/wiki/prudence
Q21656365		ML_RHETORIC_PSOGOS	psogos	From [Ancient Greek](https://en.wikipedia.org/wiki/Ancient_Greek). Blame.	https://en.wiktionary.org/wiki/psogos
		ML_RHETORIC_PSYCHAGOGOS	psychagogos	From [Ancient Greek](https://en.wikipedia.org/wiki/Ancient_Greek). A poet.	https://en.wiktionary.org/wiki/psychagogos
Q10355327		ML_RHETORIC_PSYCHE	Psyche	From [Ancient Greek](https://en.wikipedia.org/wiki/Ancient_Greek). The mind or soul.	https://en.wiktionary.org/wiki/psyche
Q17945		ML_RHETORIC_PUBLIC-SPHERE	public sphere	Place where individuals can engage in discussion without the political or state interests interfering.	https://en.wiktionary.org/wiki/public_sphere
Q263668		ML_RHETORIC_PUN	pun		
Q21136445		ML_RHETORIC_PURPOSE	purpose	What one is trying to do with their use of language.	https://en.wiktionary.org/wiki/purpose
Q273822		ML_RHETORIC_QUADRIVIUM	quadrivium	The major subjects taught in medieval times: geometry, arithmetic, atronomy, and music.	https://en.wiktionary.org/wiki/quadrivium
Q135672152		ML_RHETORIC_QUAESTIONES	quaestiones	Debatable points around which disputes are centered.	https://en.wiktionary.org/wiki/quaestiones
		ML_RHETORIC_REASONING-BY-CONTRARIES	reasoning by contraries	Where the first statement of two opposite statements directly proves the second. For example (from [_Rhetorica ad Herennium_](https://en.wikipedia.org/wiki/Rhetorica_ad_Herennium)), "'Or how should you expect a person whose arrogance has been insufferable in private life, to be agreeable and not forget himself when in power...?'"	https://en.wiktionary.org/wiki/reasoning_by_contraries
Q18182606		ML_RHETORIC_RES	Res	From [Latin](https://en.wikipedia.org/wiki/Latin). An argument's subtance.	https://en.wiktionary.org/wiki/res
Q64825398		ML_RHETORIC_RETIRED	retired		
Q136388991		ML_RHETORIC_RHETORES-SELECTI	Rhetores selecti		
		ML_RHETORIC_RHETORICAL-DISCOURSE	rhetorical discourse	Discourse created within the boundary of the principles of rhetoric.	https://en.wiktionary.org/wiki/rhetorical_discourse
		ML_RHETORIC_RHETORICAL-OPPOSITION	rhetorical opposition	[Protagoras](https://en.wikipedia.org/wiki/Protagoras)'s idea that there are two sides to everything.	https://en.wiktionary.org/wiki/rhetorical_opposition
Q7320449		ML_RHETORIC_RHETORICAL-SITUATION	rhetorical situation	A term made popular by [Lloyd Bitzer](https://en.wikipedia.org/wiki/Lloyd_Bitzer); describes the scenario that contains a speech act, including the considerations (purpose, audience, author/speaker, constraints to name a few) that play a role in how the act is produced and perceived by its audience. The counterargument regarding Bitzer's situation-rhetoric relationship was made by [Richard E. Vatz](https://en.wikipedia.org/wiki/Richard_E._Vatz) in "The Myth of the Rhetorical Situation." He argued for a salience-meaning (or now, agenda-framing-spin) model of persuasion, which emphasized rhetoric as a creative act with increased agent or persuader responsibility for the situation their rhetoric creates. He maintained this added to the importance of rhetorical study.	https://en.wiktionary.org/wiki/rhetorical_situation
Q361809		ML_RHETORIC_RHETORICIAN	rhetorician		
Q516766		ML_RHETORIC_SALUTATION	salutation		
Q39645		ML_RHETORIC_SEMANTICS	semantics	Philosophical study of language that deals with its connection to perceptions of reality.	https://en.wiktionary.org/wiki/semantics
Q60195		ML_RHETORIC_SEMIOTICS	semiotics	Branch of semantics concerning language and communication as a system of symbols.	https://en.wiktionary.org/wiki/semiotics
Q37140445		ML_RHETORIC_SENATUS	Senatus	[Latin](https://en.wikipedia.org/wiki/Latin) for "senate". The group of elders who governed Rome.	https://en.wiktionary.org/wiki/senatus
Q110727088		ML_RHETORIC_SHUI	Shui	Formal persuasion in ancient China.	https://en.wiktionary.org/wiki/shui
Q199714		ML_RHETORIC_SIMILE	simile	A figure of speech that compares unlike things, implying a resemblance between them. For example (from [_Rhetorica ad Herennium_](https://en.wikipedia.org/wiki/Rhetorica_ad_Herennium)), "'He entered the combat in body like the strongest bull, in impetuosity like the fiercest lion.'"	https://en.wiktionary.org/wiki/simile
Q1395219		ML_RHETORIC_SKEPTICISM	skepticism	Type of thought that questions whether universal truth exists and is attainable by humans.	https://en.wiktionary.org/wiki/skepticism
Q1545853		ML_RHETORIC_SOLECISM	solecism		
Q3750514		ML_RHETORIC_SOPHIST	sophist		
		ML_RHETORIC_SORAISMUS	soraismus	The ignorant or affected mingling of languages.	https://en.wiktionary.org/wiki/soraismus
Q545839		ML_RHETORIC_SPREZZATURA	sprezzatura	The ability to appear that there is seemingly little effort used to attain success. The art of being able to show that one is able to deceive. ([Baldessare Castiglione](https://en.wikipedia.org/wiki/Baldessare_Castiglione))	https://en.wiktionary.org/wiki/Sprezzatura
		ML_RHETORIC_STASIS-SYSTEM	stasis system	System of finding arguments by means of looking at ideas that are contradictory.	https://en.wiktionary.org/wiki/stasis_system
Q322265		ML_RHETORIC_STATUS-QUO	status quo	From [Latin](https://en.wikipedia.org/wiki/Latin). The generally accepted existing condition or state of affairs.	https://en.wiktionary.org/wiki/status_quo
Q6671777		ML_RHETORIC_STRUCTURE	structure		
		ML_RHETORIC_STUDIA-HUMANITAS	studia humanitas	From [Latin](https://en.wikipedia.org/wiki/Latin). Humanistic studies deemed indispensable in Renaissance-era education; rhetoric, poetics, ethics, politics.	https://en.wiktionary.org/wiki/studia_humanitas
Q1269323		ML_RHETORIC_SYLLEPSIS	syllepsis	A word modifying others in appropriate, though often incongruous ways. This is a similar concept to [zeugma](https://en.wiktionary.org/wiki/zeugma).	https://en.wiktionary.org/wiki/syllepsis
Q107342		ML_RHETORIC_SYLLOGISM	syllogism	A type of [valid](https://en.wiktionary.org/wiki/valid) argument that states if the first two claims are true, then the conclusion is true. For example, "(claim 1) People are mortal; (claim 2) Bob is a person. Therefore, (claim 3) Bob is mortal." Started by [Aristotle](https://en.wiktionary.org/wiki/Aristotle).	https://en.wiktionary.org/wiki/syllogism
		ML_RHETORIC_SYLLOGISTIC-LOGIC	syllogistic logic	See scientific reasoning.	https://en.wiktionary.org/wiki/syllogistic_logic
Q80071		ML_RHETORIC_SYMBOL	symbol	A visual or metaphorical representation of an idea or concept.	https://en.wiktionary.org/wiki/symbol
		ML_RHETORIC_SYMBOLIC-INDUCEMENT	symbolic inducement	Term coined by [Kenneth Burke](https://en.wikipedia.org/wiki/Kenneth_Burke) to refer to rhetoric.	https://en.wiktionary.org/wiki/symbolic_inducement
		ML_RHETORIC_SYMPHERON	sympheron	From [Ancient Greek](https://en.wikipedia.org/wiki/Ancient_Greek). Path that is to one's advantage.	https://en.wiktionary.org/wiki/sympheron
Q3961434		ML_RHETORIC_SYNCHYSIS	synchysis	Word order confusion within a sentence.	https://en.wiktionary.org/wiki/synchysis
Q180007		ML_RHETORIC_SYNCOPE	syncope	The omission of letters from the middle of a word, usually replaced by an [apostrophe](https://en.wiktionary.org/wiki/apostrophe).	https://en.wiktionary.org/wiki/syncope
Q10687425		ML_RHETORIC_SYNECDOCHE	synecdoche	A rhetorical device were one part of an object is used to represent the whole.	https://en.wiktionary.org/wiki/synecdoche
		ML_RHETORIC_TAPINOSIS	tapinosis	Language or an [epithet](https://en.wiktionary.org/wiki/epithet) that is debasing. This term is synonymous with [meiosis](https://en.wiktionary.org/wiki/meiosis).	https://en.wiktionary.org/wiki/tapinosis
Q37477789		ML_RHETORIC_TASTE	taste	A learned admiration for things of beauty.	https://en.wiktionary.org/wiki/taste
Q209555		ML_RHETORIC_TAUTOLOGY	tautology	Redundant use of words, a [pleonasm](https://en.wiktionary.org/wiki/pleonasm), an unnecessary and tedious repetition.	https://en.wiktionary.org/wiki/tautology
Q82650		ML_RHETORIC_TAXI	taxi		
Q1054		ML_RHETORIC_TECHNETIUM	technetium		
Q1266946		ML_RHETORIC_THESIS	thesis	The major claim or premise made in an argument to be proved or dis-proved.	https://en.wiktionary.org/wiki/thesis
		ML_RHETORIC_THESMOS	thesmos	From [Ancient Greek](https://en.wikipedia.org/wiki/Ancient_Greek). The law that comes from the authority of kings.	https://en.wiktionary.org/wiki/thesmos
Q1203324		ML_RHETORIC_TONE	tone	The author's voice in an essay through use of figurative language or a style of enunciation in writing (also known as a [diction](https://en.wiktionary.org/wiki/diction)). The way the author expresses themself out loud or through a character.	https://en.wiktionary.org/wiki/tone
		ML_RHETORIC_TOPICAL-SYSTEMS	topical systems	Methods for finding arguments.	https://en.wiktionary.org/wiki/topical_systems
Q12522118		ML_RHETORIC_TOPOS	topos	A line or specific style of argument.	https://en.wiktionary.org/wiki/Topos
Q17087170		ML_RHETORIC_TOPOTHESIA	topothesia	The description of an imaginary or non-existent place.	https://en.wiktionary.org/wiki/topothesia
Q97168137		ML_RHETORIC_TOULMIN-MODEL-OF-ARGUMENT	Toulmin model of argument		
Q3537603		ML_RHETORIC_TRANSGRESSION	transgression	Reading a text and looking for the deeper meanings instead of the obvious ones.	https://en.wiktionary.org/wiki/transgression
		ML_RHETORIC_TRANSLATIVE-ISSUE	translative issue	Dealing with procedure of an ensuing case.	https://en.wiktionary.org/wiki/translative_issue
Q7590		ML_RHETORIC_TRANSPORT	transport		
Q205186		ML_RHETORIC_TRIVIUM	trivium	From [Latin](https://en.wikipedia.org/wiki/Latin). Grammar, rhetoric, and logic taught in schools during the medieval period.	https://en.wiktionary.org/wiki/trivium
Q1554097		ML_RHETORIC_TROPE	trope		
		ML_RHETORIC_UNIVERSAL-AUDIENCE	universal audience	An audience consisting of all humankind (most specifically of adult age and normal mental capacity).	https://en.wiktionary.org/wiki/universal_audience
Q258403		ML_RHETORIC_UTTERANCE	utterance	Statement that could contain meaning about one's own person.	https://en.wiktionary.org/wiki/utterance
Q545349		ML_RHETORIC_VALIDITY	validity	Apprehension over the structure of an argument.	https://en.wiktionary.org/wiki/validity
		ML_RHETORIC_VALIDITY-CLAIM	validity claim	Claiming to have made a correct statement.	https://en.wiktionary.org/wiki/validity_claim
Q7920926		ML_RHETORIC_VERBA	Verba	From [Latin](https://en.wikipedia.org/wiki/Latin). The part of an argument that advances the subject matter.	https://en.wiktionary.org/wiki/verba
Q3331189		ML_RHETORIC_VERSION,-EDITION-OR-TRANSLATION	version, edition or translation		
		ML_RHETORIC_VIR-BONUS-BENI-DICENDI	vir bonus beni dicendi	From [Latin](https://en.wikipedia.org/wiki/Latin). The good man speaking well.	https://en.wiktionary.org/wiki/vir_bonus_beni_dicendi
Q2528506		ML_RHETORIC_VITA-ACTIVA	vita activa	A life lived in active involvement in the political arena.	https://en.wiktionary.org/wiki/vita_activa
Q1631685		ML_RHETORIC_WARRANT	Warrant	term used by [Stephen Toulmin](https://en.wikipedia.org/wiki/Stephen_Toulmin) to establish a link between data and a claim.	https://en.wiktionary.org/wiki/warrant
Q196984		ML_RHETORIC_ZEUGMA	zeugma	From [Ancient Greek](https://en.wikipedia.org/wiki/Ancient_Greek) [_ζεῦγμα_](https://en.wiktionary.org/wiki/%CE%B6%CE%B5%E1%BF%A6%CE%B3%CE%BC%CE%B1#Ancient_Greek) (zeûgma, “[yoking](https://en.wiktionary.org/wiki/yoke)”). A figure of speech in which one word applies to two others in different senses of that word, and in some cases only logically applies to one of the other two words. This is a similar concept to [syllepsis](https://en.wiktionary.org/wiki/syllepsis).	https://en.wiktionary.org/wiki/zeugma
Q87523478		ML_RHETORIC_⁝	tricolon	The pattern of three phrases in parallel, found commonly in Western writing after [Cicero](https://en.wikipedia.org/wiki/Cicero). For example, the kitten had white fur, blue eyes, and a pink tongue.	https://en.wiktionary.org/wiki/tricolon
		ML_RHETORIC_ALLOISIS	alloisis	The breaking down of a subject into its alternatives.	https://en.wiktionary.org/wiki/alloisis
		ML_RHETORIC_AMPLIFICATIO	amplificatio	An all-purpose term for all the ways an argument can be expanded and enhanced.	https://en.wiktionary.org/wiki/amplificatio
		ML_RHETORIC_AMPLIFICATION	amplification	The act and the means of extending thoughts or statements to increase rhetorical effect, to add importance, or to make the most of a thought or circumstance.	https://en.wiktionary.org/wiki/amplification
		ML_RHETORIC_APHAERESIS	aphaeresis	The omission of a syllable from the beginning of a word.	https://en.wiktionary.org/wiki/aphaeresis
		ML_RHETORIC_APOPHASIS-APOPHESIS	apophasis/ apophesis	Pretending to deny something as a means of implicitly affirming it. Mentioning something by saying that you won't mention it.	https://en.wiktionary.org/wiki/apophasis
		ML_RHETORIC_APPEALS	appeals	Rhetorical devices used to enhance the plausibility of one's argument; [Aristotle](https://en.wikipedia.org/wiki/Aristotle)'s appeals included [ethos](https://en.wiktionary.org/wiki/ethos), [logos](https://en.wiktionary.org/wiki/logos), and [pathos](https://en.wiktionary.org/wiki/pathos).	https://en.wiktionary.org/wiki/appeals
		ML_RHETORIC_ARGUMENTUM-AD-HOMINEM	argumentum ad hominem	Using what you know about your opponent's character as a basis for your argument.	https://en.wiktionary.org/wiki/argumentum_ad_hominem
		ML_RHETORIC_ARRANGEMENT	arrangement	See [dispositio](https://en.wiktionary.org/wiki/dispositio).	https://en.wiktionary.org/wiki/arrangement
		ML_RHETORIC_ARS-DICTAMINIS	ars dictaminis	The art of writing letters, introduced and taught during the Medieval rhetorical era.	https://en.wiktionary.org/wiki/ars_dictaminis
		ML_RHETORIC_ARS-POETRIA	ars poetria	Medieval teaching of grammar and style through analysis of poetry.	https://en.wiktionary.org/wiki/ars_poetria
		ML_RHETORIC_ARTISTIC-PROOFS	artistic proofs	Rhetorically-produced methods for persuasion. For [Aristotle](https://en.wikipedia.org/wiki/Aristotle), three possibilities would be [ethos](https://en.wiktionary.org/wiki/ethos), [pathos](https://en.wiktionary.org/wiki/pathos), and [logos](https://en.wiktionary.org/wiki/logos).	https://en.wiktionary.org/wiki/artistic_proofs
		ML_RHETORIC_BACKING	backing	Supporting an argument's merit.	https://en.wiktionary.org/wiki/backing
		ML_RHETORIC_BARBARISMUS	barbarismus	Mispronunciation or unnatural word-usage.	https://en.wiktionary.org/wiki/barbarismus
		ML_RHETORIC_BASES	bases	The issues at question in a judicial case.	https://en.wiktionary.org/wiki/bases
		ML_RHETORIC_BATHOS	bathos	An emotional appeal that inadvertently evokes laughter or ridicule.	https://en.wiktionary.org/wiki/bathos
		ML_RHETORIC_BELLES-LETTRES	belles lettres	Written works considered quality because they are pleasing to the senses.	https://en.wiktionary.org/wiki/belles_lettres
		ML_RHETORIC_BELLETRISTICMOVEMENT	belletristicmovement	Movement of rhetoric in the late 18th and early 19th centuries emphasizing stylistic considerations of rhetoric. It also expanded rhetoric into a study of literature and literary criticism and writing.	https://en.wiktionary.org/wiki/belletristic, https://en.wiktionary.org/wiki/movement
		ML_RHETORIC_BRACHYLOGIA	brachylogia	Brevity of diction.	https://en.wiktionary.org/wiki/brachylogia
		ML_RHETORIC_CLAIM	claim	A primary point being made to support an argument. Or, the resulting conclusion to an argument. ([Stephen Toulmin](https://en.wikipedia.org/wiki/Stephen_Toulmin))	https://en.wiktionary.org/wiki/claim
		ML_RHETORIC_CLASSICISM	classicism	A revival in the interest of classical antiquity languages and texts.	https://en.wiktionary.org/wiki/classicism
		ML_RHETORIC_COMMON-TOPICS	common topics	Arguments and approaches useful in rhetorical settings; _koinoi topoi._	https://en.wiktionary.org/wiki/common_topics
		ML_RHETORIC_CONCLUSIO	conclusio	From [Latin](https://en.wikipedia.org/wiki/Latin). A letter's conclusion.	https://en.wiktionary.org/wiki/conclusio
		ML_RHETORIC_CONFIRMATIO	confirmatio	From [Latin](https://en.wikipedia.org/wiki/Latin). The section of a judicial speech (in Roman rhetorical theory) that offers evidence supporting the claims given during the statement of facts.	https://en.wiktionary.org/wiki/confirmatio
		ML_RHETORIC_CONFUTATIO	confutatio	From [Latin](https://en.wikipedia.org/wiki/Latin). Counterargument in Roman rhetorical theory.	https://en.wiktionary.org/wiki/confutatio
		ML_RHETORIC_CONVERSIO	conversio	From [Latin](https://en.wikipedia.org/wiki/Latin). Varying sentence structure to discover its most agreeable form.	https://en.wiktionary.org/wiki/conversio
		ML_RHETORIC_CONVERSATION-MODEL	conversation model	The model, in critique of traditional rhetoric by [Sally Gearhart](https://en.wikipedia.org/wiki/Sally_Gearhart), that maintains the goal of rhetoric is to persuade others to accept your own personal view as correct.	https://en.wiktionary.org/wiki/conversation_model
		ML_RHETORIC_COOKERY	cookery	[Plato](https://en.wikipedia.org/wiki/Plato) believed rhetoric was to truth as cookery was to medicine. Cookery disguises itself as medicine and appears to be more pleasing, when in actuality it has no real benefit.	https://en.wiktionary.org/wiki/cookery
		ML_RHETORIC_CRITICAL-THEORY	critical theory	Systematically analyzing any means of communication for hidden assumptions and connotations.	https://en.wiktionary.org/wiki/critical_theory
		ML_RHETORIC_DEDUCTION	deduction	Moving from an overall hypothesis to infer something specific about that hypothesis.	https://en.wiktionary.org/wiki/deduction
		ML_RHETORIC_DELIVERY	delivery	Fifth canon in [Cicero](https://en.wikipedia.org/wiki/Cicero)'s list of rhetorical canons; traditionally linked to oral rhetoric, refers to how a speech is given (including tone of voice and nonverbal gestures, among others).	https://en.wiktionary.org/wiki/delivery
		ML_RHETORIC_DICTAMEN	dictamen	The art of writing letters.	https://en.wiktionary.org/wiki/dictamen
		ML_RHETORIC_DISTRIBUTION	distribution	Dividing a whole subject into its various parts.	https://en.wiktionary.org/wiki/distribution
		ML_RHETORIC_DIVISIO	divisio	To divide into categories or classes.	https://en.wiktionary.org/wiki/divisio
		ML_RHETORIC_DRAMATISTIC	dramatistic	A way to look at the nature of language stressing on language as an action. For example, it uses expressions such as 'thou shalt' and 'thou shalt not." ([Kenneth Burke](https://en.wikipedia.org/wiki/Kenneth_Burke)).	https://en.wiktionary.org/wiki/dramatistic
		ML_RHETORIC_ENUMERATIO	enumeratio	Making a point more forcibly by listing detailed causes or effects; to enumerate: count off or list one by one.	https://en.wiktionary.org/wiki/enumeratio
		ML_RHETORIC_ETHOS	ethos	A rhetorical appeal to an audience based on the speaker/writer's credibility.	https://en.wiktionary.org/wiki/ethos
		ML_RHETORIC_FABLE	fable	A short allegorical story.	https://en.wiktionary.org/wiki/fable
		ML_RHETORIC_FACILITAS	facilitas	The improvising of effective oral or written language to suit any situation.	https://en.wiktionary.org/wiki/facilitas
		ML_RHETORIC_FICTIO	fictio	The attribution of rational traits to non-rational creatures.	https://en.wiktionary.org/wiki/fictio
		ML_RHETORIC_FIELD-DEPENDENT	field-dependent	Standards for assessing arguments that are specific to a certain field. ([Stephen Toulmin](https://en.wikipedia.org/wiki/Stephen_Toulmin))	https://en.wiktionary.org/wiki/field-dependent
		ML_RHETORIC_FORENSIC-ORATORY	forensic oratory	speaking in a courtroom.	https://en.wiktionary.org/wiki/forensic_oratory
		ML_RHETORIC_FORUM	forum	A way to complicate our notions of audience and to help writers consider important factors that affect planning and composing.	https://en.wiktionary.org/wiki/forum
		ML_RHETORIC_GENERA	genera	Plural of [genus](https://en.wiktionary.org/wiki/genus). Classification by race, kind, or possession of similarities; discriptive of different types of oratory.	https://en.wiktionary.org/wiki/genera
		ML_RHETORIC_HEURISTICS	heuristics	Determining or applying the proper methods for investigation.	https://en.wiktionary.org/wiki/heuristics
		ML_RHETORIC_HOMOIOTELEUTON	homoioteleuton	From [Ancient Greek](https://en.wikipedia.org/wiki/Ancient_Greek) [_ὁμοιοτέλευτον_](https://en.wiktionary.org/wiki/%E1%BD%81%CE%BC%CE%BF%CE%B9%CE%BF%CF%84%CE%AD%CE%BB%CE%B5%CF%85%CF%84%CE%BF%CF%82#Ancient_Greek) (homoiotéleuton). A figure of speech where adjacent or parallel words have similar endings.	https://en.wiktionary.org/wiki/homoioteleuton
		ML_RHETORIC_HORISMUS	horismus	A brief and often antithetical definition.	https://en.wiktionary.org/wiki/horismus
		ML_RHETORIC_HYPSOS	hypsos	Great or worthy writing, sometimes called sublime. Longinus's theme in [_On the Sublime_](https://en.wikipedia.org/wiki/On_the_Sublime).	https://en.wiktionary.org/wiki/hypsos
		ML_RHETORIC_IGNORATIO-ELENCHI	ignoratio elenchi	A conclusion that is irrelevant.	https://en.wiktionary.org/wiki/ignoratio_elenchi
		ML_RHETORIC_IMITATIO	imitatio	From [Latin](https://en.wikipedia.org/wiki/Latin). Imitation.	https://en.wiktionary.org/wiki/imitatio
		ML_RHETORIC_INARTISTIC-PROOFS	inartistic proofs	Discovered information stemming from the raw data of experience.	https://en.wiktionary.org/wiki/inartistic_proofs
		ML_RHETORIC_INDEFINITE-QUESTIONS	indefinite questions	Questions that are discussed without referring to anything specifically. ([Quintilian](https://en.wikipedia.org/wiki/Quintilian))	https://en.wiktionary.org/wiki/indefinite_questions
		ML_RHETORIC_INDIGNATIO	indignatio	To arouse indignation in the audience.	https://en.wiktionary.org/wiki/indignatio
		ML_RHETORIC_INGENIUM	ingenium	From [Latin](https://en.wiktionary.org/wiki/Latin). The ability to understand similarities and relationships that is innate in all humans. ([Giambattista Vico](https://en.wikipedia.org/wiki/Giambattista_Vico))	https://en.wiktionary.org/wiki/ingenium
		ML_RHETORIC_IN-RE	in re	From [Latin](https://en.wiktionary.org/wiki/Latin). Arguments concerned with what actually happened.	https://en.wiktionary.org/wiki/in_re
		ML_RHETORIC_INSTITUTIO-ORATORIA	institutio oratoria	Educational and rhetorical principles as described and prescribed in treatise by [Quintilian](https://en.wikipedia.org/wiki/Quintilian).	https://en.wiktionary.org/wiki/institutio_oratoria
		ML_RHETORIC_INTERLACEMENT	interlacement	Combining the figures [antistrophe](https://en.wiktionary.org/wiki/antistrophe) and [epanaphora](https://en.wiktionary.org/wiki/epanaphora) for rhetorical style and emphasis. For example (from [_Rhetorica ad Herennium_](https://en.wikipedia.org/wiki/Rhetorica_ad_Herennium)), "'Who are they who have often broken treaties? The Carthaginians. Who are they who have waged ware with severest cruelty? The Carthaginians.'"	https://en.wiktionary.org/wiki/interlacement
		ML_RHETORIC_INVENTION	invention	Described by [Cicero](https://en.wikipedia.org/wiki/Cicero) as the process of determining "valid or seemingly valid arguments;" the first of his five rhetorical canons.	https://en.wiktionary.org/wiki/invention
		ML_RHETORIC_IOCI	ioci	Jokes, see [Cicero](https://en.wikipedia.org/wiki/Cicero)'s [_De Oratore_](https://en.wikipedia.org/wiki/De_Oratore) and his theory of humor.	https://en.wiktionary.org/wiki/ioci
		ML_RHETORIC_ISSUES-OF-DEFINITION	issues of definition	Things related to naming an act.	https://en.wiktionary.org/wiki/issues_of_definition
		ML_RHETORIC_ISSUES-OF-QUALITY	issues of quality	Issues related to the seriousness of an act.	https://en.wiktionary.org/wiki/issues_of_quality
		ML_RHETORIC_JUDICIAL	judicial	Type of oratory used to attack or defend someone.	https://en.wiktionary.org/wiki/judicial
		ML_RHETORIC_KATEGORIA	kategoria	From [Ancient Greek](https://en.wikipedia.org/wiki/Ancient_Greek). Accusation.	https://en.wiktionary.org/wiki/kategoria#English
		ML_RHETORIC_KOINONIA	koinonia	From [Ancient Greek](https://en.wikipedia.org/wiki/Ancient_Greek). To consult with your opponent or judge.	https://en.wiktionary.org/wiki/koinonia
		ML_RHETORIC_LATINITAS	latinitas	Stylistic feature involving the proper use of language.	https://en.wiktionary.org/wiki/latinitas
		ML_RHETORIC_LOGICAL-FALLACY	logical fallacy	Misconceptions resulting from faulty reasoning.	https://en.wiktionary.org/wiki/logical_fallacy
		ML_RHETORIC_METONYMY	metonymy	A figure of speech which substitutes one word or phrase for another with which it is closely associated. For example (from [_Rhetorica ad Herennium_](https://en.wikipedia.org/wiki/Rhetorica_ad_Herennium)), "one should say 'wine' for 'Liber', 'wheat' for 'Ceres'."	https://en.wiktionary.org/wiki/metonymy
		ML_RHETORIC_MOTIVE	motive	Something that plays a role in one's decision to act.	https://en.wiktionary.org/wiki/motive
		ML_RHETORIC_NARRATIO	narratio	A presentation of essential facts in a judicial speech.	https://en.wiktionary.org/wiki/narratio
		ML_RHETORIC_NARRATION	narration	Story telling, involving the elements of time, place, actor, action, cause and manner.	https://en.wiktionary.org/wiki/narration
		ML_RHETORIC_NEGATIO	negatio	To negate or deny.	https://en.wiktionary.org/wiki/negatio
		ML_RHETORIC_NOMOS	nomos	From [Ancient Greek](https://en.wikipedia.org/wiki/Ancient_Greek). a social custom or convention.	https://en.wiktionary.org/wiki/nomos
		ML_RHETORIC_NOTARIES	notaries	Secretaries trained in rhetoric for dealing with the agreements that were needed for commercial cities in Italy to function.	https://en.wiktionary.org/wiki/notaries
		ML_RHETORIC_OMINATIO	ominatio	A prophecy of evil.	https://en.wiktionary.org/wiki/ominatio
		ML_RHETORIC_OPENING	opening	First part of discourse. Should gain audiences' attention.	https://en.wiktionary.org/wiki/opening
		ML_RHETORIC_ORCOS	orcos	An oath.	https://en.wiktionary.org/wiki/orcos
		ML_RHETORIC_PARONOMASIA	paronomasia	A play on words, often for humorous effect.	https://en.wiktionary.org/wiki/paronomasia
		ML_RHETORIC_PERFECTUS-ORATOR	perfectus orator	From [Latin](https://en.wikipedia.org/wiki/Latin). A complete orator.	https://en.wiktionary.org/wiki/perfectus_orator
		ML_RHETORIC_PERIPHRASIS	periphrasis	The substitution of many or several words where one would suffice; usually to avoid using that particular word.	https://en.wiktionary.org/wiki/periphrasis
		ML_RHETORIC_PERORATIO	peroratio	From [Latin](https://en.wikipedia.org/wiki/Latin). The last section of a judicial speech were the speaker is the strongest.	https://en.wiktionary.org/wiki/peroratio
		ML_RHETORIC_PETITIO	petitio	From [Latin](https://en.wikipedia.org/wiki/Latin). In a letter, an announcement, demand, or request.	https://en.wiktionary.org/wiki/petitio
		ML_RHETORIC_PIAN	pian	(Ancient China) the art of disputing.	https://en.wiktionary.org/wiki/pian
		ML_RHETORIC_PLAUSIBILITY	plausibility	Rhetoric that is believable right away due to its association with something that the audience already knows or has experienced.	https://en.wiktionary.org/wiki/plausibility
		ML_RHETORIC_POETRIAE	poetriae	From [Latin](https://en.wikipedia.org/wiki/Latin). Poetry as an art.	https://en.wiktionary.org/wiki/poetriae,_ars
		ML_RHETORIC_POLIS	polis	From [Ancient Greek](https://en.wikipedia.org/wiki/Ancient_Greek). The city-state, especially the people in the city-state.	https://en.wiktionary.org/wiki/polis
		ML_RHETORIC_POLYPHONIC	polyphonic	Having multiple voices.	https://en.wiktionary.org/wiki/polyphonic
		ML_RHETORIC_POSITION	position	The stance taken by a rhetor that they are attempting to prove through argumentation.	https://en.wiktionary.org/wiki/position
		ML_RHETORIC_POSTMODERNISM	postmodernism	Related to rhetoric, a field of inquiry concerned with the ideological underpinnings of commonly held assumptions.	https://en.wiktionary.org/wiki/postmodernism
		ML_RHETORIC_PRAEDICANDI	praedicandi	From [Latin](https://en.wikipedia.org/wiki/Latin). Preaching.	https://en.wiktionary.org/wiki/praedicandi,_ars
		ML_RHETORIC_PRESUMPTION	presumption	An idea is reasonable or acceptable only until it is sufficiently challenged.	https://en.wiktionary.org/wiki/presumption
		ML_RHETORIC_PROTREPTIC	protreptic	From [Ancient Greek](https://en.wikipedia.org/wiki/Ancient_Greek). The potential to persuade through language.	https://en.wiktionary.org/wiki/protreptic
		ML_RHETORIC_REBUTTAL	rebuttal	Conditions on the acceptability of a claim. ([Stephen Toulmin](https://en.wikipedia.org/wiki/Stephen_Toulmin))	https://en.wiktionary.org/wiki/rebuttal
		ML_RHETORIC_RHETOR	rhetor	A person who is in the course of presenting or preparing rhetorical discourse.	https://en.wiktionary.org/wiki/rhetor
		ML_RHETORIC_RHETORES	rhetores	From [Ancient Greek](https://en.wikipedia.org/wiki/Ancient_Greek). Those who make a living by speaking persuasively.	https://en.wiktionary.org/wiki/rhetores
		ML_RHETORIC_RHETORICAL-AUDIENCE	rhetorical audience	Those who can be persuaded by rhetoric.	https://en.wiktionary.org/wiki/rhetorical_audience
		ML_RHETORIC_RHETORICAL-THEORY	rhetorical theory	The organized presentation of the art or rhetoric, descriptions of the various functions of rhetoric, and clarifications of how rhetoric achieves its goals.	https://en.wiktionary.org/wiki/rhetorical_theory
		ML_RHETORIC_RHETORIC-OF-FICTION	rhetoric of fiction	[Wayne Booth](https://en.wikipedia.org/wiki/Wayne_Booth)'s idea that "the author's judgement is always present" in a narrative.	https://en.wiktionary.org/wiki/rhetoric_of_fiction
		ML_RHETORIC_SALON	salon	Intellectual assembly in an aristocratic setting; primarily associated with France in the 1600s and 1700s.	https://en.wiktionary.org/wiki/salon
		ML_RHETORIC_SALUTATIO	salutatio	From [Latin](https://en.wikipedia.org/wiki/Latin). A written greeting.	https://en.wiktionary.org/wiki/salutatio
		ML_RHETORIC_SANNIO	sannio	From [Latin](https://en.wikipedia.org/wiki/Latin). The fool. The role to avoid when using humor in a speech.	https://en.wiktionary.org/wiki/sannio
		ML_RHETORIC_SCHOLASTICISM	scholasticism	Rhetorical study of Christianity that was intellectually prominent in 11th-15th Century Western Europe, emphasizing rhetorical concepts by [Aristotle](https://en.wikipedia.org/wiki/Aristotle) and a search for universal truth.	https://en.wiktionary.org/wiki/scholasticism
		ML_RHETORIC_SCIENTIFIC-METHOD	scientific method	A system of observing and analyzing data through induction; prominent school of thought since the 1600s whose proponents are often critical of rhetoric.	https://en.wiktionary.org/wiki/scientific_method
		ML_RHETORIC_SCIENTIFIC-REASONING	scientific reasoning	Moving from axioms to actual conclusions. Also, syllogistic logic.	https://en.wiktionary.org/wiki/scientific_reasoning
		ML_RHETORIC_SCIENTISM	scientism	Applying scientific assumptions to subjects that are not completely natural. ([Richard M. Weaver](https://en.wikipedia.org/wiki/Richard_M._Weaver))	https://en.wiktionary.org/wiki/scientism
		ML_RHETORIC_SCIENTISTIC	scientistic	Way of looking at the nature of language as a way of naming or defining something. ex. "It is" or "It is not." ([Kenneth Burke](https://en.wikipedia.org/wiki/Kenneth_Burke))	https://en.wiktionary.org/wiki/scientistic
		ML_RHETORIC_SECOND-SOPHISTIC	second sophistic	Rhetorical era in Rome that dealt primarily with rhetorical style through some of the Greek Sophists' concepts, while neglecting its political and social uses because of censorship.	https://en.wiktionary.org/wiki/second_sophistic
		ML_RHETORIC_SENSUS-COMMUNIS	sensus communis	a society's basic beliefs and values.	https://en.wiktionary.org/wiki/sensus_communis
		ML_RHETORIC_SENTENTIA	sententia	Applying a general truth to a situation by quoting a maxim or other wise saying as a conclusion or summary of that situation.	https://en.wiktionary.org/wiki/sententia
		ML_RHETORIC_SIGN	sign	Term from [semiotics](https://en.wiktionary.org/wiki/semiotics) that describes something that has meaning through its connection to something else, like words.	https://en.wiktionary.org/wiki/sign
		ML_RHETORIC_SIGNIFYING	signifying	Term from [semiotics](https://en.wiktionary.org/wiki/semiotics) that describes the method through which meaning is created with arbitrary signs.	https://en.wiktionary.org/wiki/signifying
		ML_RHETORIC_SOLECISMUS	solecismus	Ignorantly misusing tenses, cases, and genders.	https://en.wiktionary.org/wiki/solecismus
		ML_RHETORIC_SOPHISTS	sophists	Considered the first professional teachers of oratory and rhetoric, in 4th century BC Ancient Greece.	https://en.wiktionary.org/wiki/sophists
		ML_RHETORIC_STARTING-POINTS	starting points	The place between the speaker and audience where the argument can begin. ([Chaïm Perelman](https://en.wikipedia.org/wiki/Cha%C3%AFm_Perelman) and [Lucie Olbrechts-Tyteca](https://en.wikipedia.org/wiki/Lucie_Olbrechts-Tyteca))	https://en.wiktionary.org/wiki/starting_points
		ML_RHETORIC_TAUTOLOGIA	tautologia	The same idea repeated in different words.	https://en.wiktionary.org/wiki/tautologia
		ML_RHETORIC_TAXIS	taxis	The distribution of a proper adjunct to every subject.	https://en.wiktionary.org/wiki/taxis
		ML_RHETORIC_TECHNE	techne	[Ancient Greek](https://en.wikipedia.org/wiki/Ancient_Greek) for a true art.	https://en.wiktionary.org/wiki/techne
		ML_RHETORIC_TERMINISTIC-SCREENS	terministic screens	Term coined by [Kenneth Burke](https://en.wikipedia.org/wiki/Kenneth_Burke) to explain the way in which the world is viewed when taking languages and words into consideration.	https://en.wiktionary.org/wiki/terministic_screens
		ML_RHETORIC_THEME	theme	The basic principle pulled from the Bible in order to create a sermon.	https://en.wiktionary.org/wiki/theme
		ML_RHETORIC_TOPOGRAPHIA	topographia	The description of a place.	https://en.wiktionary.org/wiki/topographia
		ML_RHETORIC_TOULMIN-MODEL	Toulmin model	A method of diagraming arguments created by Stephen Toulmin that identifies such components as [backing](https://en.wiktionary.org/wiki/backing), [claim](https://en.wiktionary.org/wiki/claim), [data](https://en.wiktionary.org/wiki/data), [qualifier](https://en.wiktionary.org/wiki/qualifier), [rebuttal](https://en.wiktionary.org/wiki/rebuttal), and warrant.	https://en.wiktionary.org/wiki/Toulmin_model
		ML_RHETORIC_TROPES	tropes	Figure of speech that uses a word aside from its literal meaning.	https://en.wiktionary.org/wiki/tropes
		ML_RHETORIC_UNDERSTATEMENT	understatement	A form of irony, also called [litotes](https://en.wiktionary.org/wiki/litotes), in which something is represented as less than it really is, with the intent of drawing attention to and emphasizing the opposite meaning.	https://en.wiktionary.org/wiki/understatement
		ML_RHETORIC_UOMO-UNIVERSALE	uomo universale	The universal man.	https://en.wiktionary.org/wiki/uomo_universale
		ML_RHETORIC_VISUAL-RHETORIC	visual rhetoric	A theoretical framework describing how visual images communicate, as opposed to aural or verbal messages.	https://en.wiktionary.org/wiki/visual_rhetoric
		ML_RHETORIC_WAYS-AND-MEANS	ways and means	One of the five main matters that [Aristotle](https://en.wikipedia.org/wiki/Aristotle) claims political speakers make speeches on. It consists of the speaker's country's revenue and sources, as well as the expenditures of the country.	https://en.wiktionary.org/wiki/ways_and_means
